product name,product category,new price,product link,product image,old price
AMD Ryzen 3 2200G Quad-Core Processor With Radeon Vega 8 Graphics,CPU,4400,https://www.startech.com.bd/amd-ryzen-3-2200g-processor,https://www.startech.com.bd/image/cache/catalog/processor/AMD/ryzen-3/ryzen-3-228x228.jpg,4990
AMD Athlon PRO 300GE AM4 Socket Desktop Processor with Radeon Vega 3 Graphics (Rebox),CPU,3990,https://www.startech.com.bd/amd-athlon-pro-300ge-processor,https://www.startech.com.bd/image/cache/catalog/processor/AMD/athlon-pro-300ge/athlon-pro-300ge-228x228.jpg,4250
AMD Ryzen 5 2400G Desktop Processor with Radeon RX Vega 11 Graphics,CPU,6400,https://www.startech.com.bd/amd-ryzen-5-2400g-processor,https://www.startech.com.bd/image/cache/catalog/processor/amd/ryzen-5-2400g/ryzen-5-2400g-001-228x228.webp,6600
AMD Ryzen 5 3400G Processor with Radeon RX Vega 11 Graphics,CPU,7200,https://www.startech.com.bd/amd-ryzen-5-3400g-processor,https://www.startech.com.bd/image/cache/catalog/processor/amd/ryzen-5-3400g/3400g-228x228.jpg,7800
AMD Ryzen 3 4100 Processor,CPU,8700,https://www.startech.com.bd/amd-ryzen-3-4100-processor,https://www.startech.com.bd/image/cache/catalog/processor/AMD/ryzen-3-4100/amd-ryzen-3-4100-01-228x228.jpg,9300
Intel 10th Gen Core i3 10100 Processor,CPU,10400,https://www.startech.com.bd/intel-core-i3-10100-processor,https://www.startech.com.bd/image/cache/catalog/processor/Intel/i3-10100/i3-10100-228x228.jpg,10600
AMD Ryzen 5 5500 Processor,CPU,10200,https://www.startech.com.bd/amd-ryzen-5-5500-processor,https://www.startech.com.bd/image/cache/catalog/processor/amd/amd-ryzen-5-5500/amd-ryzen-5-5500-01-228x228.jpg,10800
Intel 11th Gen Core i5-11400F Rocket Lake Processor,CPU,10200,https://www.startech.com.bd/intel-core-i5-11400f-11th-gen-processor,https://www.startech.com.bd/image/cache/catalog/processor/Intel/core-i5-11400f/core-i5-11400f-228x228.jpg,10800
AMD Ryzen 5 5600 Processor,CPU,13300,https://www.startech.com.bd/amd-ryzen-5-5600-processor,https://www.startech.com.bd/image/cache/catalog/processor/amd/5600x/5600x-001-228x228.jpg,13800
AMD Ryzen 5 8400F Processor,CPU,13600,https://www.startech.com.bd/amd-ryzen-5-8400f-processor,https://www.startech.com.bd/image/cache/catalog/processor/amd/ryzen-5-8400f/ryzen-5-8400f-01-228x228.webp,14000
Deepcool CK-11509 CPU Cooler,Coolers,350,https://www.startech.com.bd/deepcool-ck-11509-cpu-cooler,https://www.startech.com.bd/image/cache/catalog/cpu-cooler/deepcool/ck-11509/ck-11509-01-228x228.jpg,400
DeepCool ALTA 9 Air CPU Cooler,Coolers,550,https://www.startech.com.bd/deepcool-alta-9-air-cpu-cooler,https://www.startech.com.bd/image/cache/catalog/cpu-cooler/deepcool/alta-9/alta-9-01-228x228.webp,600
Arctic Alpine 23 CO Compact AMD CPU Cooler,Coolers,799,https://www.startech.com.bd/arctic-alpine-23-co-cpu-cooler,https://www.startech.com.bd/image/cache/catalog/cpu-cooler/arctic/alpine-23-co/alpine-23-co-01-228x228.webp,1150
DeepCool ICE EDGE MINI FS V2.0 CPU Air Cooler,Coolers,950,https://www.startech.com.bd/deepcool-ice-edge-mini-fs-v2-0-cpu-cooler,https://www.startech.com.bd/image/cache/catalog/cpu-cooler/deepcool/ice-edge-mini-fs-v2-0/ice-edge-mini-fs-v2-0-228x228.jpg,1000
DeepCool GAMMAXX AG200 Single Tower Air CPU Cooler,Coolers,1250,https://www.startech.com.bd/deepcool-gammaxx-ag200-cpu-cooler,https://www.startech.com.bd/image/cache/catalog/cpu-cooler/deepcool/ag200/ag200-01-228x228.webp,1350
Deepcool AG300 Single Tower Air CPU Cooler,Coolers,1500,https://www.startech.com.bd/deepcool-ag300-air-cpu-cooler,https://www.startech.com.bd/image/cache/catalog/cpu-cooler/deepcool/ag300/ag300-01-228x228.webp,1600
Ocypus Gamma A40 BK Single Tower Air CPU Cooler,Coolers,1800,https://www.startech.com.bd/ocypus-gamma-a40-bk-cpu-cooler,https://www.startech.com.bd/image/cache/catalog/cpu-cooler/ocypus/gamma-a40-bk/gamma-a40-bk-01-228x228.webp,2100
Arctic Freezer 8i Air CPU Cooler,Coolers,1800,https://www.startech.com.bd/arctic-freezer-8i-air-cpu-cooler,https://www.startech.com.bd/image/cache/catalog/cpu-cooler/arctic/freezer-8i/freezer-8i-04-228x228.webp,1999
Ocypus Gamma A40 BK ARGB Single Tower Air CPU Cooler,Coolers,1999,https://www.startech.com.bd/ocypus-gamma-a40-bk-argb-cpu-cooler,https://www.startech.com.bd/image/cache/catalog/cpu-cooler/ocypus/gamma-a40-bk-argb/gamma-a40-bk-argb-01-228x228.webp,2500
Ocypus Gamma A40 WH ARGB Single Tower Air CPU Cooler,Coolers,1999,https://www.startech.com.bd/ocypus-gamma-a40-wh-argb-cpu-cooler,https://www.startech.com.bd/image/cache/catalog/cpu-cooler/ocypus/gamma-a40-wh-argb/gamma-a40-wh-argb-01-228x228.webp,2600
Arctic Freezer 8i CO Intel Air CPU Cooler,Coolers,1900,https://www.startech.com.bd/arctic-freezer-8i-co-cpu-cooler,https://www.startech.com.bd/image/cache/catalog/cpu-cooler/arctic/freezer-8i-co/freezer-8i-co-01-228x228.webp,2200
Gamdias ST-BOREAS E1-411 SE CPU Air Cooler,Coolers,2300,https://www.startech.com.bd/gamdias-st-boreas-e1-411-se-cpu-air-cooler,https://www.startech.com.bd/image/cache/catalog/cpu-cooler/gamdias/st-boreas-e1-410-se/st-boreas-e1-410-se-228x228.webp,2400
MSI A520M-A Pro AM4 AMD Micro-ATX Motherboard,Motherboard,7999,https://www.startech.com.bd/msi-a520m-a-pro-motherboard,https://www.startech.com.bd/image/cache/catalog/motherboard/msi/a520m-a-pro/a520m-a-pro-228x228.jpg,8100
MSI H310M PRO-VDH Intel 9th Gen Motherboard,Motherboard,8400,https://www.startech.com.bd/msi-h310m-pro-vdh-motherboard,https://www.startech.com.bd/image/cache/catalog/motherboard/msi/h310m-pro-vdh/h310m-pro-vdh-01-228x228.webp,8800
Asus Prime A520M-K AM4 Micro-ATX AMD Motherboard,Motherboard,9000,https://www.startech.com.bd/asus-prime-a520m-k-amd-motherboard,https://www.startech.com.bd/image/cache/catalog/motherboard/asus/prime-a520m-k/prime-a520m-k-1-228x228.jpg,9250
GIGABYTE H610M H DDR5 mATX Motherboard,Motherboard,9500,https://www.startech.com.bd/gigabyte-h610m-h-motherboard,https://www.startech.com.bd/image/cache/catalog/motherboard/gigabyte/h610m-h/h610m-h-01-228x228.webp,10300
MSI PRO H610M-S DDR4 m-ATX Motherboard,Motherboard,9700,https://www.startech.com.bd/msi-pro-h610m-s-motherboard,https://www.startech.com.bd/image/cache/catalog/motherboard/msi/pro-h610m-s/pro-h610m-s-01-228x228.webp,10200
ASUS PRIME H610M-F D4 R2.0 DDR4 LGA1700 mATX Motherboard,Motherboard,9900,https://www.startech.com.bd/asus-prime-h610m-f-d4-r2-0-lga1700-motherboard,https://www.startech.com.bd/image/cache/catalog/motherboard/asus/prime-h610m-f-d4-r2-0/prime-h610m-f-d4-r2-0-228x228.webp,10200
MSI PRO H610M-E DDR4 mATX Motherboard,Motherboard,9900,https://www.startech.com.bd/msi-pro-h610m-e-ddr4-motherboard,https://www.startech.com.bd/image/cache/catalog/motherboard/msi/pro-h610m-e-ddr4/pro-h610m-e-ddr4-01-228x228.webp,10000
MSI PRO H610M-G DDR4 Micro-ATX Motherboard,Motherboard,10600,https://www.startech.com.bd/msi-pro-h610m-g-ddr4-motherboard,https://www.startech.com.bd/image/cache/catalog/motherboard/msi/pro-h610m-g-ddr4/pro-h610m-g-ddr4-01-228x228.jpg,10900
MSI B550M-A PRO DDR4 AMD AM4 Micro ATX Motherboard,Motherboard,10700,https://www.startech.com.bd/msi-b550m-a-pro-micro-atx-amd-motherboard,https://www.startech.com.bd/image/cache/catalog/motherboard/msi/b550m-a-pro/b550m-a-pro-1-228x228.jpg,10900
Asus PRIME A620M-K AM5 mATX Motherboard,Motherboard,11600,https://www.startech.com.bd/asus-prime-a620m-k-am5-motherboard,https://www.startech.com.bd/image/cache/catalog/motherboard/asus/prime-a620m-k/prime-a620m-k-01-228x228.webp,11850
Colorful BATTLE-AX B650M-E PRO V14 AM5 mATX Motherboard,Motherboard,11900,https://www.startech.com.bd/colorful-battle-ax-b650m-e-pro-v14-motherboard,https://www.startech.com.bd/image/cache/catalog/motherboard/colorful/battle-ax-b650m-e-pro-v14/battle-ax-b650m-e-pro-v14-01-228x228.webp,12299
Asus PRIME B550M-K ARGB AMD AM4 mATX Motherboard,Motherboard,12199,https://www.startech.com.bd/asus-prime-b550m-k-argb-motherboard,https://www.startech.com.bd/image/cache/catalog/motherboard/asus/prime-b550m-k-argb/prime-b550m-k-argb-01-228x228.webp,12200
MSI PRO H610M-G WIFI DDR4 m-ATX Motherboard,Motherboard,12800,https://www.startech.com.bd/msi-pro-h610m-g-wifi-ddr4-motherboard,https://www.startech.com.bd/image/cache/catalog/motherboard/msi/pro-h610m-g-wifi-ddr4/pro-h610m-g-wifi-ddr4-01-228x228.webp,13200
GIGABYTE B550M DS3H AC R2 mATX AMD Motherboard,Motherboard,12900,https://www.startech.com.bd/gigabyte-b550m-ds3h-ac-r2-motherboard,https://www.startech.com.bd/image/cache/catalog/motherboard/gigabyte/b550m-ds3h-ac-r2/b550m-ds3h-ac-r2-01-228x228.webp,13200
Asus PRIME B760M-F mATX Motherboard,Motherboard,14100,https://www.startech.com.bd/asus-prime-b760m-f-motherboard,https://www.startech.com.bd/image/cache/catalog/motherboard/asus/prime-b760m-f/prime-b760m-f-01-228x228.webp,14500
MSI PRO B650M-P DDR5 AMD AM5 mATX Motherboard,Motherboard,14999,https://www.startech.com.bd/msi-pro-b650m-p-motherboard,https://www.startech.com.bd/image/cache/catalog/motherboard/msi/pro-b650m-p/pro-b650m-p-01-228x228.webp,15900
ASUS Pro B660M-C D4-CSM mATX Motherboard,Motherboard,16200,https://www.startech.com.bd/asus-pro-b660m-c-d4-csm-motherboard,https://www.startech.com.bd/image/cache/catalog/motherboard/asus/pro-b660m-c-d4-csm/pro-b660m-c-d4-csm-01-228x228.webp,16500
MSI PRO H810M-B DDR5 LGA1851 mATX Motherboard,Motherboard,16700,https://www.startech.com.bd/msi-pro-h810m-b-motherboard,https://www.startech.com.bd/image/cache/catalog/motherboard/msi/pro-h810m-b/pro-h810m-b-001-228x228.webp,17000
ASUS PRIME H610I-PLUS DDR5 Mini ITX Motherboard,Motherboard,16900,https://www.startech.com.bd/asus-prime-h610i-plus-motherboard,https://www.startech.com.bd/image/cache/catalog/motherboard/asus/prime-h610i-plus-d4/prime-h610i-plus-d4-01-228x228.webp,17500
MSI B650M GAMING WIFI AM5 mATX Motherboard,Motherboard,17799,https://www.startech.com.bd/msi-b650m-gaming-wifi-am5-motherboard,https://www.startech.com.bd/image/cache/catalog/motherboard/msi/b650m-gaming-wifi/b650m-gaming-wifi-01-228x228.webp,18500
ASRock B650M PG Lightning WiFi AM5 Micro ATX Motherboard,Motherboard,18400,https://www.startech.com.bd/asrock-b650m-pg-lightning-wifi-am5-motherboard,https://www.startech.com.bd/image/cache/catalog/motherboard/asrock/b650m-pg-lightning-wifi/b650m-pg-lightning-wifi-01-228x228.webp,18500
MSI PRO B760M-A WIFI mATX Motherboard,Motherboard,19200,https://www.startech.com.bd/msi-pro-b760m-a-wifi-motherboard,https://www.startech.com.bd/image/cache/catalog/motherboard/msi/pro-b760m-a-wifi/pro-b760m-a-wifi-01-228x228.webp,19600
MSI H810M GAMING WIFI6E LGA 1851 mATX Motherboard,Motherboard,19900,https://www.startech.com.bd/msi-h810m-gaming-wifi6e-motherboard,https://www.startech.com.bd/image/cache/catalog/motherboard/msi/h810m-gaming-wifi6e/h810m-gaming-wifi6e-01-228x228.webp,20200
GIGABYTE B850M D3HP AMD AM5 DDR5 Micro ATX Motherboard,Motherboard,20700,https://www.startech.com.bd/gigabyte-b850m-d3hp-motherboard,https://www.startech.com.bd/image/cache/catalog/motherboard/gigabyte/b850m-d3hp/b850m-d3hp-01-228x228.webp,21500
MSI B760 GAMING PLUS WIFI ATX Motherboard,Motherboard,22500,https://www.startech.com.bd/msi-b760-gaming-plus-wifi-motherboard,https://www.startech.com.bd/image/cache/catalog/motherboard/msi/b760-gaming-plus-wifi/b760-gaming-plus-wifi-01-228x228.webp,23000
MSI B850M GAMING PLUS WIFI6E AM5 mATX Motherboard,Motherboard,22500,https://www.startech.com.bd/msi-b850m-gaming-plus-wifi6e-motherboard,https://www.startech.com.bd/image/cache/catalog/motherboard/msi/b850m-gaming-plus-wifi6e/b850m-gaming-plus-wifi6e-01-228x228.webp,23500
MSI B850M GAMING PLUS WIFI AM5 mATX Motherboard,Motherboard,23500,https://www.startech.com.bd/msi-b850m-gaming-plus-wifi-motherboard,https://www.startech.com.bd/image/cache/catalog/motherboard/msi/b850m-gaming-plus-wifi/b850m-gaming-plus-wifi-01-228x228.webp,26500
MSI B760M PROJECT ZERO m-ATX Motherboard,Motherboard,24400,https://www.startech.com.bd/msi-b760m-project-zero-motherboard,https://www.startech.com.bd/image/cache/catalog/motherboard/msi/b760m-project-zero/b760m-project-zero-01-228x228.webp,24990
MSI MAG B760M MORTAR WIFI II DDR5 mATX Motherboard,Motherboard,25500,https://www.startech.com.bd/msi-mag-b760m-mortar-wifi-ii-motherboard,https://www.startech.com.bd/image/cache/catalog/motherboard/msi/mag-b760m-mortar-wifi-ii/mag-b760m-mortar-wifi-ii-01-228x228.webp,26000
MSI MAG B760 TOMAHAWK WIFI DDR5 ATX Motherboard,Motherboard,26300,https://www.startech.com.bd/msi-mag-b760-tomahawk-wifi-motherboard,https://www.startech.com.bd/image/cache/catalog/motherboard/msi/mag-b760-tomahawk-wifi/mag-b760-tomahawk-wifi-01-228x228.webp,27200
MSI PRO B860-P LGA 1851 ATX Motherboard,Motherboard,26500,https://www.startech.com.bd/msi-pro-b860-p-atx-motherboard,https://www.startech.com.bd/image/cache/catalog/motherboard/msi/pro-b860-p/pro-b860-p-01-228x228.webp,27000
Asus PRIME B860-PLUS WIFI-CSM LGA 1851 ATX Motherboard,Motherboard,28600,https://www.startech.com.bd/asus-prime-b860-plus-wifi-csm-motherboard,https://www.startech.com.bd/image/cache/catalog/motherboard/asus/prime-b860-plus-wifi-csm/prime-b860-plus-wifi-csm-01-228x228.webp,29000
GIGABYTE B850M AORUS ELITE WIFI6E ICE AMD AM5 DDR5 Micro ATX Motherboard,Motherboard,32999,https://www.startech.com.bd/gigabyte-b850m-aorus-elite-wifi6e-ice-motherboard,https://www.startech.com.bd/image/cache/catalog/motherboard/gigabyte/b850m-aorus-elite-wifi6e-ice/b850m-aorus-elite-wifi6e-ice-01-228x228.webp,34000
MSI PRO Z890-P LGA 1851 ATX Motherboard,Motherboard,34900,https://www.startech.com.bd/msi-pro-z890-p-motherboard,https://www.startech.com.bd/image/cache/catalog/motherboard/msi/pro-z890-p/pro-z890-p-01-228x228.webp,35300
GIGABYTE X870 EAGLE WIFI7 DDR5 AMD AM5 ATX Motherboard,Motherboard,35000,https://www.startech.com.bd/gigabyte-x870-eagle-wifi7-am5-atx-motherboard,https://www.startech.com.bd/image/cache/catalog/motherboard/gigabyte/x870-eagle-wifi7/x870-eagle-wifi7-01-228x228.webp,36500
MSI PRO Z890-S WIFI LGA 1851 ATX Motherboard,Motherboard,36700,https://www.startech.com.bd/msi-pro-z890-s-wifi-motherboard,https://www.startech.com.bd/image/cache/catalog/motherboard/msi/pro-z890-s-wifi/pro-z890-s-wifi-01-228x228.webp,37300
MSI PRO Z890-P WIFI LGA 1851 ATX Motherboard,Motherboard,37400,https://www.startech.com.bd/msi-pro-z890-p-wifi-atx-motherboard,https://www.startech.com.bd/image/cache/catalog/motherboard/msi/pro-z890-p-wifi/pro-z890-p-wifi-01-228x228.webp,37800
MSI PRO Z890-S WIFI WHITE LGA 1851 ATX Motherboard,Motherboard,37600,https://www.startech.com.bd/msi-pro-z890-s-wifi-white-motherboard,https://www.startech.com.bd/image/cache/catalog/motherboard/msi/pro-z890-s-wifi-white/pro-z890-s-wifi-white-01-228x228.webp,38300
Asus ROG STRIX B860-A GAMING WIFI LGA 1851 ATX Motherboard,Motherboard,39500,https://www.startech.com.bd/asus-rog-strix-b860-a-gaming-wifi-motherboard,https://www.startech.com.bd/image/cache/catalog/motherboard/asus/rog-strix-b860-a-gaming-wifi/rog-strix-b860-a-gaming-wifi-01-228x228.webp,40000
GIGABYTE Z790 AORUS ELITE AX ATX Motherboard,Motherboard,40000,https://www.startech.com.bd/gigabyte-z790-aorus-elite-ax-motherboard,https://www.startech.com.bd/image/cache/catalog/motherboard/gigabyte/z790-aorus-elite-ax/z790-aorus-elite-ax-01-228x228.webp,40500
Asus PRIME X870-P WIFI-CSM AM5 ATX Motherboard,Motherboard,42999,https://www.startech.com.bd/asus-prime-x870-p-wifi-csm-motherboard,https://www.startech.com.bd/image/cache/catalog/motherboard/asus/prime-x870-p-wifi-csm/prime-x870-p-wifi-csm-01-228x228.webp,43500
MSI Z890 GAMING PLUS WIFI LGA 1851 ATX Motherboard,Motherboard,44900,https://www.startech.com.bd/msi-z890-gaming-plus-wifi-atx-motherboard,https://www.startech.com.bd/image/cache/catalog/motherboard/msi/z890-gaming-plus-wifi/z890-gaming-plus-wifi-01-228x228.webp,45300
Asus ROG STRIX X870-A GAMING WIFI AMD AM5 ATX Motherboard,Motherboard,65500,https://www.startech.com.bd/asus-rog-strix-x870-a-gaming-wifi-atx-motherboard,https://www.startech.com.bd/image/cache/catalog/motherboard/asus/rog-strix-x870-a-gaming-wifi/rog-strix-x870-a-gaming-wifi-01-228x228.webp,65900
Asus ROG STRIX X870-F GAMING WIFI DDR5 AMD AM5 ATX Motherboard,Motherboard,69500,https://www.startech.com.bd/asus-rog-strix-x870-f-gaming-wifi-am5-motherboard,https://www.startech.com.bd/image/cache/catalog/motherboard/asus/rog-strix-x870-f-gaming-wifi/rog-strix-x870-f-gaming-wifi-01-228x228.webp,69900
ASUS ROG STRIX Z890-E GAMING WIFI LGA1851 ATX Motherboard,Motherboard,75000,https://www.startech.com.bd/asus-rog-strix-z890-e-gaming-wifi-motherboard,https://www.startech.com.bd/image/cache/catalog/motherboard/asus/rog-strix-z890-e-gaming-wifi/rog-strix-z890-e-gaming-wifi-01-228x228.webp,76300
ASUS ProArt X870E-CREATOR WiFi AM5 DDR5 ATX Motherboard,Motherboard,76400,https://www.startech.com.bd/asus-proart-x870e-creator-wifi-motherboard,https://www.startech.com.bd/image/cache/catalog/motherboard/asus/proart-x870e-creator-wifi/proart-x870e-creator-wifi-01-228x228.webp,77500
Asus ROG CROSSHAIR X870E HERO AMD AM5 ATX Motherboard,Motherboard,102500,https://www.startech.com.bd/asus-rog-crosshair-x870e-hero-atx-motherboard,https://www.startech.com.bd/image/cache/catalog/motherboard/asus/rog-crosshair-x870e-hero/rog-crosshair-x870e-hero-01-228x228.webp,103500
MSI MEG X870E GODLIKE WiFi 7 AMD AM5 E-ATX Motherboard,Motherboard,179100,https://www.startech.com.bd/msi-meg-x870e-godlike-motherboard,https://www.startech.com.bd/image/cache/catalog/motherboard/msi/meg-x870e-godlike/meg-x870e-godlike-01-228x228.webp,181000
GIGABYTE X870E AORUS MASTER DDR5 AMD AM5 ATX Motherboard,Motherboard,73000,https://www.startech.com.bd/gigabyte-x870e-aorus-master-atx-motherboard,https://www.startech.com.bd/image/cache/catalog/motherboard/gigabyte/x870e-aorus-master/x870e-aorus-master-01-228x228.webp,74500
ASUS ROG MAXIMUS Z890 HERO BTF LGA1851 ATX Motherboard,Motherboard,105800,https://www.startech.com.bd/asus-rog-maximus-z890-hero-btf-motherboard,https://www.startech.com.bd/image/cache/catalog/motherboard/asus/rog-maximus-z890-hero-btf/rog-maximus-z890-hero-btf-01-228x228.webp,106000
Netac Basic 4GB DDR4 2666MHZ Desktop RAM,RAM,3900,https://www.startech.com.bd/netac-basic-4gb-ddr4-2666mhz-desktop-ram,https://www.startech.com.bd/image/cache/catalog/ram/netac/basic-4gb-ddr4-2666mhz/basic-4gb-ddr4-2666mhz-01-228x228.webp,3950
Colorful Battle-AX DDR4 8GB 3200MHz Desktop RAM,RAM,6800,https://www.startech.com.bd/colorful-battle-ax-ddr4-8gb-ram,https://www.startech.com.bd/image/cache/catalog/ram/colorful/battle-ax-ddr4/battle-ax-ddr4-black-228x228.webp,7800
OCPC XT II DDR4 3200MHz 8GB Desktop RAM,RAM,7800,https://www.startech.com.bd/ocpc-xt-ii-ddr4-3200mhz-8gb-ram,https://www.startech.com.bd/image/cache/catalog/ram/ocpc/xt-ii-ddr4/xt-ii-228x228.webp,8000
OCPC XT II DDR4 3200MHz 8GB Desktop RAM White,RAM,7800,https://www.startech.com.bd/ocpc-xt-ii-ddr4-3200mhz-8gb-ram-white,https://www.startech.com.bd/image/cache/catalog/ram/ocpc/xt-ii-ddr4-3200-8gb/xt-ii-ddr4-3200-8gb-228x228.webp,8000
AITC Kingsman Innovator 8GB DDR4 3200MHz Gaming Desktop RAM,RAM,7500,https://www.startech.com.bd/aitc-kingsman-innovator-8gb-ddr4-ram,https://www.startech.com.bd/image/cache/catalog/ram/aitc/kingsman-innovator/kingsman-innovator-01-228x228.webp,8000
OCPC X3 RGB DDR4 3200MHz 8GB Desktop RAM,RAM,2600,https://www.startech.com.bd/ocpc-x3-rgb-ddr4-3200mhz-8gb-ram,https://www.startech.com.bd/image/cache/catalog/ram/ocpc/x3-rgb-ddr4/x3-rgb-ddr4-01-228x228.webp,8200
G.Skill Trident Z 8GB DDR4 3200MHz Desktop RAM,RAM,3200,https://www.startech.com.bd/g-skill-trident-z-8gb-ram,https://www.startech.com.bd/image/cache/catalog/ram/gskill/trident-z-8gb/trident-z-8gb-228x228.jpg,8400
Netac N930E Pro 128GB NVMe M.2 2280 SSD,Storage,3800,https://www.startech.com.bd/netac-n930e-pro-128gb-ssd,https://www.startech.com.bd/image/cache/catalog/ssd/netac/n930e-pro-128gb/n930e-pro-128gb-228x228.jpg,3850
Netac N5M 256GB M.2 2242 SATA III 2242 SSD,Storage,5100,https://www.startech.com.bd/netac-n5m-256gb-msata-ssd,https://www.startech.com.bd/image/cache/catalog/ssd/netac/n5m/n5m-01-228x228.webp,5200
Netac SA500 256GB 2.5-inch SATAIII SSD,Storage,5200,https://www.startech.com.bd/netac-sa500-256-gb-ssd,https://www.startech.com.bd/image/cache/catalog/ssd/netac/ls-ne-sa500/ls-ne-sa500-01-228x228.webp,5250
ASUS GeForce GT 710 2GB GDDR5 EVO Low-profile Graphics Card,Graphics Card,7400,https://www.startech.com.bd/asus-geforce-gt-710-2gb-gddr5-evo-low-profile-graphics-card,https://www.startech.com.bd/image/cache/catalog/graphics-card/asus/geforce-710-2gb-gddr5-evo-low-profile/geforce-710-2gb-gddr5-evo-low-profile-01-228x228.webp,7500
Asus Geforce Gt 730 2GB GDDR5 Graphics Card,Graphics Card,9500,https://www.startech.com.bd/asus-geforce-gt-730-2gb-gddr5-graphics-card,https://www.startech.com.bd/image/cache/catalog/graphics-card/asus/asus-geforce-gt-730-2gb-gddr5-graphics-card/asus-geforce-gt-730-2gb-gddr5-graphics-card-01-228x228.jpg,9950
PELADN RX 580 8G 256Bit Dual Fans Gaming Graphics Card,Graphics Card,16900,https://www.startech.com.bd/peladn-rx-580-8g-gaming-graphics-card,https://www.startech.com.bd/image/cache/catalog/graphics-card/peladn/rx-580-8g/rx580-8gb-01-228x228.webp,18200
GUNNIR Intel Arc A380 Index 6G GDDR6 Graphics Card,Graphics Card,16999,https://www.startech.com.bd/gunnir-intel-arc-a380-index-6g-graphics-card,https://www.startech.com.bd/image/cache/catalog/graphics-card/gunnir/intel-arc-a380-index-6g/intel-arc-a380-index-6g-01-228x228.webp,17300
PELADN RX 5500 XT 8G GDDR6 Dual Fan Black Gaming Graphics Card,Graphics Card,18500,https://www.startech.com.bd/peladn-rx-5500-xt-8g-black-gaming-graphics-card,https://www.startech.com.bd/image/cache/catalog/graphics-card/peladn/rx-5500-xt-8g-black/rx-5500-xt-8g-black-05-228x228.webp,19990
Ocypus BETA P400 400W Non Modular ATX Power Supply,Power Supply,2300,https://www.startech.com.bd/ocypus-beta-p400-400w-power-supply,https://www.startech.com.bd/image/cache/catalog/power-supply/ocypus/beta-p400/beta-p400-01-228x228.webp,2750
1stPlayer FK 300W Power Supply,Power Supply,2100,https://www.startech.com.bd/1stplayer-fk-300w-power-supply,https://www.startech.com.bd/image/cache/catalog/power-supply/1stplayer/fk-300w/fk-300w-01-228x228.jpg,2150
Gamdias AURA GP300 300W Power Supply,Power Supply,2300,https://www.startech.com.bd/gamdias-aura-gp300-power-supply,https://www.startech.com.bd/image/cache/catalog/power-supply/gamdias/aura-gp300/aura-gp300-01-228x228.webp,2400
Ocypus BETA P500 500W Non Modular ATX Power Supply,Power Supply,2699,https://www.startech.com.bd/ocypus-beta-p500-500w-power-supply,https://www.startech.com.bd/image/cache/catalog/power-supply/ocypus/beta-p500/beta-p500-01-228x228.webp,3450
MSI MAG A300N-H 300W 80 Plus Non Modular Power Supply,Power Supply,2500,https://www.startech.com.bd/msi-mag-a300n-h-300w-power-supply,https://www.startech.com.bd/image/cache/catalog/power-supply/msi/mag-a300n-h/mag-a300n-h-01-228x228.webp,2700
Ocypus BETA P600 600W Non Modular ATX Power Supply,Power Supply,2999,https://www.startech.com.bd/ocypus-beta-p600-600w-power-supply,https://www.startech.com.bd/image/cache/catalog/power-supply/ocypus/beta-p600/beta-p600-01-228x228.webp,3750
Gamdias AURA GP450 PRO 450W 80 Plus White Certified ATX Power Supply Black,Power Supply,2750,https://www.startech.com.bd/gamdias-aura-gp450-pro-450w-power-supply,https://www.startech.com.bd/image/cache/catalog/power-supply/gamdias/aura-gp450-pro/aura-gp450-pro-01-228x228.webp,3100
Antec META V450 450W Power Supply,Power Supply,3100,https://www.startech.com.bd/antec-meta-v450-power-supply,https://www.startech.com.bd/image/cache/catalog/power-supply/antec/meta-v450/meta-v450-228x228.webp,3200
Huntkey CP6000 600W Power Supply,Power Supply,4000,https://www.startech.com.bd/huntkey-cp6000-600w-power-supply,https://www.startech.com.bd/image/cache/catalog/power-supply/huntkey/cp6000/cp6000-01-228x228.webp,5000
Gamdias HELIOS M1-450B 450W 80 Plus Bronze Power Supply,Power Supply,3800,https://www.startech.com.bd/gamdias-helios-m1-450b-450w-power-supply,https://www.startech.com.bd/image/cache/catalog/power-supply/gamdias/helios-m1-450b/helios-m1-450b-01-228x228.webp,4300
Xtreme M09 RGB Logo Mini Tower Casing,Casing,1500,https://www.startech.com.bd/xtreme-m09-mini-tower-casing,https://www.startech.com.bd/image/cache/catalog/casing/xtreme/f09/f09-01-228x228.webp,1600
PC Power PC401 Mini Tower Micro-ATX Casing With Power Supply,Casing,2400,https://www.startech.com.bd/pc-power-pc401-micro-atx-casing,https://www.startech.com.bd/image/cache/catalog/casing/pc-power/pc401/pc401-228x228.webp,2600
MaxGreen H10 M-ATX Mid Tower Casing With 200W Power Supply,Casing,2500,https://www.startech.com.bd/maxgreen-h10-m-atx-mid-tower-casing,https://www.startech.com.bd/image/cache/catalog/casing/max-green/h10/h10-001-228x228.webp,2650
MaxGreen Panora F3 Mid-Tower M-ATX Gaming Casing,Casing,2500,https://www.startech.com.bd/maxgreen-panora-f3-gaming-casing,https://www.startech.com.bd/image/cache/catalog/casing/max-green/panora-f3/panora-f3-03-228x228.webp,2700
"Eurovision EV-GT2200-F 21.45"" 100Hz FHD IPS Monitor",Monitors,9590,https://www.startech.com.bd/eurovision-ev-gt2200-f-monitor,https://www.startech.com.bd/image/cache/catalog/monitor/eurovision/ev-gt2200-f/ev-gt2200-f-01-228x228.webp,10200
"Xiaomi Redmi V22FAB-RA 21.45"" FHD Monitor",Monitors,9900,https://www.startech.com.bd/xiaomi-redmi-v22fab-ra-fhd-monitor,https://www.startech.com.bd/image/cache/catalog/monitor/xiaomi/v22fab-ra/v22fab-ra-001-228x228.webp,9990
"Eurovision EV-GT2200A-W 21.45"" 100Hz FHD IPS Monitor",Monitors,9790,https://www.startech.com.bd/eurovision-ev-gt2200a-w-monitor,https://www.startech.com.bd/image/cache/catalog/monitor/eurovision/ev-gt2200a-w/ev-gt2200a-w-01-228x228.webp,10500
"Dahua DHI-LM22-A201YFS 21.45"" IPS Full HD 100Hz Monitor",Monitors,10000,https://www.startech.com.bd/dahua-dhi-lm22-a201yfs-fhd-monitor,https://www.startech.com.bd/image/cache/catalog/monitor/dahua/dhi-lm22-a201yf/dhi-lm22-a201yf-01-228x228.webp,10100
"Hikvision DS-D5022F2-2P2/CBD 21.5"" 100Hz Full HD IPS Monitor",Monitors,8200,https://www.startech.com.bd/hikvision-ds-d5022f2-2p2-monitor,https://www.startech.com.bd/image/cache/catalog/monitor/hikvision/ds-d5022f2-2p2/ds-d5022f2-2p2-01-228x228.webp,9900
"PC Power PCGM22 21.45"" IPS FHD 100Hz Borderless Monitor",Monitors,9500,https://www.startech.com.bd/pc-power-pcgm22-fhd-monitor,https://www.startech.com.bd/image/cache/catalog/monitor/pc-power/pcgm22/pcgm22-01-228x228.webp,10200
Corsair iCUE AR120 Digital RGB 120mm PWM Single Casing Fan,Casing Cooler,999,https://www.startech.com.bd/corsair-icue-ar120-digital-rgb-120mm-pwm-casing-fan,https://www.startech.com.bd/image/cache/catalog/casing-cooler/corsair/icue-ar120/icue-ar120-01-228x228.webp,1800
Havit KB376 USB Multimedia Keyboard,Keyboard,419,https://www.startech.com.bd/havit-kb376-usb-multimedia-keyboard,https://www.startech.com.bd/image/cache/catalog/keyboard/havit/kb376/kb376-01-228x228.webp,449
Havit KB241 USB Wired Keyboard,Keyboard,479,https://www.startech.com.bd/havit-kb241-keyboard,https://www.startech.com.bd/image/cache/catalog/keyboard/havit/kb241/kb241-01-228x228.webp,499
"Acer ALG AL15G-53 Core i5 13420H RTX 3050 6GB Graphics 15.6"" FHD Gaming Laptop",Anti Virus,110000,https://www.startech.com.bd/acer-alg-al15g-53-core-i5-13420h-gaming-laptop,https://www.startech.com.bd/image/cache/catalog/laptop/acer/alg-gaming-al15g-53/alg-gaming-al15g-53-228x228.webp,112000
"Acer Aspire Lite AL15-53 Core i5 1334U 15.6"" FHD Laptop",Anti Virus,67500,https://www.startech.com.bd/acer-aspire-lite-al15-53-core-i5-1334u-laptop,https://www.startech.com.bd/image/cache/catalog/laptop/acer/aspire-lite-al15-53/aspire-lite-al15-53-228x228.webp,68500
"Acer Aspire 3 A325-53 Core i5 13th Gen 15.6"" FHD Silver Laptop",Anti Virus,66500,https://www.startech.com.bd/acer-aspire-3-a325-53-core-i5-1334u-silver-laptop,https://www.startech.com.bd/image/cache/catalog/laptop/acer/aspire-3-a325-53-silver/aspire-3-a325-53-228x228.webp,67500
"Acer Aspire 3 A325-53 Core i5 13th Gen 16GB 15.6"" FHD Laptop",Anti Virus,70000,https://www.startech.com.bd/acer-aspire-3-a325-53-core-i5-1334u-laptop,https://www.startech.com.bd/image/cache/catalog/laptop/acer/aspire-3-a325-53-silver/aspire-3-a325-53-228x228.webp,71000
"Lenovo IdeaPad 1 15IJL7 Intel Celeron N4500 15.6"" HD Laptop",Anti Virus,37500,https://www.startech.com.bd/lenovo-ideapad-1-15ijl7-laptop,https://www.startech.com.bd/image/cache/catalog/laptop/lenovo/ideapad-slim-1i-15igl7/ideapad-slim-1i-15igl7-01-228x228.webp,38350
"Lenovo IdeaPad 1 14IGL7 Intel Celeron N4020 14"" HD Laptop",Anti Virus,37750,https://www.startech.com.bd/lenovo-ideapad-1-14igl7-intel-celeron-n4020-laptop,https://www.startech.com.bd/image/cache/catalog/laptop/lenovo/ideapad-slim-1i-15igl7/ideapad-slim-1i-15igl7-01-228x228.webp,37850
"Lenovo IdeaPad 1 14IGL7 Intel Celeron N4500 14"" HD Laptop",Anti Virus,38250,https://www.startech.com.bd/lenovo-ideapad-1-14igl7-laptop,https://www.startech.com.bd/image/cache/catalog/laptop/lenovo/ideapad-1-14igl7/ideapad-1-14igl7-01-228x228.webp,38350
"Lenovo IdeaPad Slim 3 15AMN8 Ryzen 3 7320U 15.6"" FHD Laptop Abyss Blue",Anti Virus,52000,https://www.startech.com.bd/lenovo-ideapad-slim-3-15amn8-laptop-abyss-blue,https://www.startech.com.bd/image/cache/catalog/laptop/lenovo/ideapad-slim-3-15amn8/ideapad-slim-3-15amn8-0001-228x228.webp,53000
"Lenovo IdeaPad Slim 3 15AMN8 Ryzen 3 7320U 15.6"" FHD Laptop",Anti Virus,52000,https://www.startech.com.bd/lenovo-ideapad-slim-3-15amn8-laptop,https://www.startech.com.bd/image/cache/catalog/laptop/lenovo/ideapad-slim-3-15amn8-arctic-grey/ideapad-slim-3-15amn8-arctic-grey-01-228x228.webp,53000
"Acer Aspire 3 A325-53 Core i5 13th Gen 15.6"" FHD Win11 Laptop",Anti Virus,66500,https://www.startech.com.bd/acer-aspire-3-a325-53-laptop,https://www.startech.com.bd/image/cache/catalog/laptop/acer/aspire-3-a325-53-silver/aspire-3-a325-53-228x228.webp,68500
"MSI Modern 14 F13MG Core i5 13th Gen 14"" FHD Laptop Urban Silver",Anti Virus,66500,https://www.startech.com.bd/msi-modern-14-f13mg-core-i5-laptop-urban-silver,https://www.startech.com.bd/image/cache/catalog/laptop/msi/modern-15-f13mg-urban-silver/modern-15-f13mg-urban-silver-001-228x228.webp,68000
"ASUS Vivobook Go 14 L1404FA Ryzen 5 7520U 14"" FHD Laptop",Anti Virus,68000,https://www.startech.com.bd/asus-vivobook-go-14-l1404fa-ryzen-5-laptop,https://www.startech.com.bd/image/cache/catalog/laptop/asus/vivobook-go-15-l1504fa-black/vivobook-go-15-l1504fa-01-228x228.webp,68500
"Acer Aspire Lite AL15-53 Core i5 1334U 16GB 15.6"" FHD Laptop",Anti Virus,71000,https://www.startech.com.bd/acer-aspire-lite-al15-53-core-i5-16gb-laptop,https://www.startech.com.bd/image/cache/catalog/laptop/acer/aspire-lite-al15-53/aspire-lite-al15-53-228x228.webp,72000
"Lenovo IdeaPad Slim 3 15IRH8 Core i5 13th Gen 8GB RAM 15.6"" FHD Military Grade Laptop With FreeDOS",Anti Virus,71100,https://www.startech.com.bd/lenovo-ideapad-slim-3-15irh8-core-i5-13th-gen-8gb-ram-laptop,https://www.startech.com.bd/image/cache/catalog/laptop/lenovo/ideapad-slim-3-15iru8-arctic-gray/ideapad-slim-3-15iru8-arctic-gray-01-228x228.webp,72100
"HP 15-fd0812TU Intel Core 5 120U 15.6"" FHD Laptop",Anti Virus,74000,https://www.startech.com.bd/hp-15-fd0812tu-core-5-120u-laptop,https://www.startech.com.bd/image/cache/catalog/laptop/hp-laptop/15-fd0812tu/15-fd0812tu-01-228x228.webp,75000
"HP 15-fd0811TU Intel Core 5 120U 15.6"" FHD Laptop",Anti Virus,74000,https://www.startech.com.bd/hp-15-fd0811tu-intel-core-5-laptop,https://www.startech.com.bd/image/cache/catalog/laptop/hp-laptop/15-fd0811tu/15-fd0811tu-01-228x228.webp,75000
"HP 15-fd0811TU Intel i5 1334U 13th Gen 15.6"" FHD Laptop",Anti Virus,75000,https://www.startech.com.bd/hp-15-fd0811tu-intel-i5-13th-gen-laptop,https://www.startech.com.bd/image/cache/catalog/laptop/hp-laptop/15-fd0811tu/15-fd0811tu-01-228x228.webp,75500
"Lenovo IdeaPad Slim 3i 15ITL6 Core i7 11th Gen 15.6"" FHD Laptop with Fingerprint",Anti Virus,76500,https://www.startech.com.bd/lenovo-ideapad-slim-3i-core-i7-11th-gen-fhd-laptop,https://www.startech.com.bd/image/cache/catalog/laptop/lenovo/ideapad-slim-3i/ideapad-slim-3i-arctic-grey-05-228x228.webp,78000
"Lenovo IdeaPad Slim 3 15ARP10 Ryzen 7 7735HS 15.3"" WUXGA Laptop",Anti Virus,79900,https://www.startech.com.bd/lenovo-ideapad-slim-3-15arp10-ryzen-7-7735hs-laptop,https://www.startech.com.bd/image/cache/catalog/laptop/lenovo/ideapad-slim-3-15arp10/ideapad-slim-3-15arp10-01-228x228.webp,80000
"HP 15-fr0065TU Core i5 13th Gen 15.6"" FHD Laptop",Anti Virus,80000,https://www.startech.com.bd/hp-15-fr0065tu-laptop,https://www.startech.com.bd/image/cache/catalog/laptop/hp-laptop/15-fr0065tu/15-fr0065tu-06-228x228.webp,82000
"HP 15-fr0067TU Core i5 13th Gen 15.6"" FHD Laptop",Anti Virus,80000,https://www.startech.com.bd/hp-15-fr0067tu-laptop,https://www.startech.com.bd/image/cache/catalog/laptop/hp-laptop/15-fr0067tu/15-fr0067tu-01-228x228.webp,82000
"HP Victus 15-fb1055AX Ryzen 5 7535HS RTX 2050 4GB Graphics 15.6"" FHD Gaming Laptop",Anti Virus,94000,https://www.startech.com.bd/hp-victus-15-fb1055ax-gaming-laptop,https://www.startech.com.bd/image/cache/catalog/laptop/hp-laptop/15-fb1055ax/15-fb1055ax-01-228x228.webp,97000
"HP Victus 15-fb1054AX Ryzen 5 7535HS RTX 2050 4GB Graphics 15.6"" FHD Gaming Laptop",Anti Virus,95500,https://www.startech.com.bd/hp-victus-15-fb1054ax-gaming-laptop,https://www.startech.com.bd/image/cache/catalog/laptop/hp-laptop/victus-gaming-15-fb1054ax/victus-gaming-15-fb1054ax-01-228x228.webp,97000
"Dell 15 DC15250 Core i7 13th Gen 15.6"" FHD Laptop",Anti Virus,96900,https://www.startech.com.bd/dell-15-dc15250-core-i7-laptop,https://www.startech.com.bd/image/cache/catalog/laptop/dell/15-dc15250/15-dc15250-01-228x228.webp,97500
"ASUS Vivobook 15 X1504VA-NJ263W Core i7 13th Gen 15.6"" FHD Laptop",Anti Virus,99500,https://www.startech.com.bd/asus-vivobook-15-x1504va-nj263w-core-i7-laptop,https://www.startech.com.bd/image/cache/catalog/laptop/asus/x1504va-nj260w/x1504va-nj260w-228x228.webp,100000
"HP Victus 15-fa1393TX Core i5 13 Gen RTX 2050 4GB Graphics 15.6"" FHD Gaming Laptop",Anti Virus,109000,https://www.startech.com.bd/hp-victus-15-fa1393tx-gaming-laptop,https://www.startech.com.bd/image/cache/catalog/laptop/hp-laptop/15-fa1393tx/victus-15-fa1393tx-01-228x228.webp,110500
"Lenovo IdeaPad Slim 5 14Q8X9 Snapdragon X Plus 14"" WUXGA OLED Copilot+ PC Laptop",Anti Virus,110500,https://www.startech.com.bd/lenovo-ideapad-slim-5-14q8x9-snapdragon-x-plus-oled-laptop,https://www.startech.com.bd/image/cache/catalog/laptop/lenovo/ideapad-slim-5-14q8x9/ideapad-slim-5-14q8x9-01-228x228.webp,115500
"ASUS VivoBook S14 S3407CA Core Ultra 5 225H 14"" WUXGA Laptop Cool Silver",Anti Virus,119000,https://www.startech.com.bd/asus-vivobook-s14-s3407ca-laptop,https://www.startech.com.bd/image/cache/catalog/laptop/asus/vivobook-s14-s3407ca-cool-silver/vivobook-s14-s3407ca-cool-silver-01-228x228.webp,120000
"Lenovo LOQ 15IAX9 Core i5 12th Gen RTX 3050 6GB Graphics 15.6"" FHD 144Hz Gaming Laptop",Anti Virus,120000,https://www.startech.com.bd/lenovo-loq-15iax9-core-i5-12th-gen-rtx-3050-gaming-laptop,https://www.startech.com.bd/image/cache/catalog/laptop/lenovo/loq-15iax9/loq-15iax9-001-228x228.webp,126500
"Acer Swift Go 14 SFG14-73 Core Ultra 7 155H 14"" WQXGA+ OLED Laptop",Anti Virus,146000,https://www.startech.com.bd/acer-swift-go-14-sfg14-73-core-ultra-7-laptop,https://www.startech.com.bd/image/cache/catalog/laptop/acer/swift-go-14-sfg14-73t/swift-go-14-sfg14-73t-01-228x228.webp,148000
"MSI Katana 15 HX B14WGK Core i7 14th Gen RTX 5070 8GB Graphics 15.6"" FHD Gaming Laptop",Anti Virus,219900,https://www.startech.com.bd/msi-katana-15-hx-b14wgk-core-i7-laptop,https://www.startech.com.bd/image/cache/catalog/laptop/msi/katana-15-hx-b14wek/katana-15-hx-b14wek-01-228x228.webp,221900
"Acer Predator Helios Neo 16S AI PHN16S-71-73WM Core Ultra 7 255HX RTX 5060 8GB GDDR7 Graphics 16"" Gaming Laptop",Anti Virus,279900,https://www.startech.com.bd/acer-predator-helios-neo-16s-ai-phn16s-71-73wm-laptop,https://www.startech.com.bd/image/cache/catalog/laptop/acer/predator-helios-neo-16s-ai/predator-helios-neo-16s-ai-01-228x228.webp,295000
"MSI Prestige 13 AI+ Ukiyoe Edition A2VMG Core Ultra 9 288V 13.3"" 2.8K OLED Laptop",Anti Virus,310000,https://www.startech.com.bd/msi-prestige-13-ai-plus-ukiyoe-edition-a2vmg-laptop,https://www.startech.com.bd/image/cache/catalog/laptop/msi/prestige-13-ai-plus-ukiyoe-edition-a2vmg/prestige-13-ai-plus-ukiyoe-edition-a2vmg-01-228x228.webp,325000
"MacBook Pro M4 Max Chip 16-inch (16-core CPU, 40-core GPU)",Anti Virus,515000,https://www.startech.com.bd/apple-macbook-pro-m4-max-16-inch-48gb,https://www.startech.com.bd/image/cache/catalog/laptop/apple/macbook-pro-16-m4-pro-space-black/macbook-pro-16-m4-pro-space-black-01-228x228.webp,535000
"MSI Raider 18 HX AI A2XWIG Core Ultra 9 200HX RTX 5080 16GB Graphics 18"" UHD+ MiniLED 120Hz Gaming Laptop",Anti Virus,629800,https://www.startech.com.bd/msi-raider-18-hx-ai-a2xwig-gaming-laptop,https://www.startech.com.bd/image/cache/catalog/laptop/msi/raider-18-hx-ai-a2xwig/raider-18-hx-ai-a2xwig-08-228x228.webp,629900
Solitine SOL-604 10000mAh Mini DC UPS,UPS,1450,https://www.startech.com.bd/solitine-sol-604-mini-ups,https://www.startech.com.bd/image/cache/catalog/ups/solitine/sol-604/sol-604-01-228x228.webp,1600
PC Power PCMU1018P 8800mAh Mini UPS For Router,UPS,1699,https://www.startech.com.bd/pc-power-pcmu1018p-mini-ups,https://www.startech.com.bd/image/cache/catalog/ups/pc-power/pcmu1018p/pcmu1018p-01-228x228.webp,1800
PC Power PCMU1018 8800mAh Multifunction Mini UPS For Router,UPS,1900,https://www.startech.com.bd/pc-power-pcmu1018-8800mah-mini-ups,https://www.startech.com.bd/image/cache/catalog/mini ups/pc-power/pcmu1018/pcmu1018-01-228x228.webp,2000
Solitine SOL-702Max 20000mAh Mini DC UPS,UPS,2350,https://www.startech.com.bd/solitine-sol-702max-mini-ups,https://www.startech.com.bd/image/cache/catalog/ups/solitine/sol-702max/sol-702max-01-228x228.webp,2500
PC Power PCMU1018LCD 10400mAh Mini UPS For Router,UPS,2400,https://www.startech.com.bd/pc-power-pcmu1018lcd-10400mah-mini-ups,https://www.startech.com.bd/image/cache/catalog/ups/pc-power/pcmu1018lcd/pcmu1018lcd-01-228x228.webp,2600
KSTAR 650VA Offline UPS,UPS,3340,https://www.startech.com.bd/kstar-650va-offline-ups,https://www.startech.com.bd/image/cache/catalog/ups/kstar/650va-228x228.webp,3350
